Published Date,Account,Account Type,Campaign Name,Total Impressions,Total Engagements,Media Type
1/1/2023 14:59,General ,FBPAGE,N/A ,0,0,Photo
1/3/2023 10:34,CSGO,TWITTER,N/A ,0,0,Link
1/3/2023 10:34,CSGO,TWITTER,N/A ,0,0,Link
1/3/2023 10:34,CSGO,TWITTER,N/A ,2116,42,Text
1/3/2023 10:35,CSGO,TWITTER,N/A ,0,0,Link
1/3/2023 10:35,CSGO,TWITTER,N/A ,0,0,Link
1/3/2023 10:35,CSGO,TWITTER,N/A ,0,0,Link
1/3/2023 10:36,CSGO,TWITTER,N/A ,0,0,Text
1/3/2023 13:34,General ,TWITTER,N/A ,7704,153,Text
1/4/2023 8:04,CSGO,TWITTER,N/A ,0,0,Text
1/4/2023 10:42,CSGO,TWITTER,N/A ,0,0,Text
1/4/2023 10:42,CSGO,TWITTER,N/A ,0,0,Text
1/4/2023 10:42,CSGO,TWITTER,N/A ,0,0,Text
1/4/2023 13:00,General ,TWITTER,Community Engagement ,136660,2371,Photo
1/4/2023 13:00,General ,FBPAGE,Community Engagement ,29051,811,Photo
1/4/2023 13:17,General ,TWITTER,N/A ,393,18,Text
1/4/2023 14:57,DOTA2,TWITTER,N/A ,22708,2266,Photo
1/4/2023 14:57,General ,FBPAGE,Community Engagement ,155521,19098,Photo
1/4/2023 16:43,General ,TWITTER,N/A ,239,7,Text
1/5/2023 9:00,CSGO,TWITTER,Community Engagement ,445130,10597,Video
1/5/2023 9:00,General ,TWITTER,N/A ,0,0,Video
1/5/2023 11:55,General ,FBPAGE,N/A ,300,3776,Photo
1/5/2023 16:59,DOTA2,TWITTER,N/A ,4357,254,Text
1/6/2023 9:30,General ,TWITTER,N/A ,20902,513,Text
1/6/2023 12:10,CSGO,TWITTER,N/A ,0,0,Text
1/6/2023 12:16,CSGO,TWITTER,N/A ,0,0,Link
1/6/2023 12:16,CSGO,TWITTER,N/A ,0,0,Link
1/6/2023 17:42,General ,TWITTER,N/A ,973,40,Video
1/8/2023 10:10,General ,INSTAGRAM,N/A ,0,0,Photo
1/8/2023 10:10,General ,INSTAGRAM,N/A ,7267,0,Video
1/8/2023 10:11,General ,INSTAGRAM,N/A ,0,0,Photo
1/8/2023 10:11,General ,INSTAGRAM,N/A ,6436,0,Video
1/8/2023 10:29,General ,INSTAGRAM,N/A ,5895,0,Video
1/8/2023 10:30,General ,INSTAGRAM,N/A ,0,0,Photo
1/8/2023 11:03,General ,INSTAGRAM,N/A ,5659,0,Video
1/8/2023 11:04,General ,INSTAGRAM,N/A ,0,0,Photo
1/8/2023 11:28,General ,INSTAGRAM,N/A ,0,0,Photo
1/8/2023 11:28,General ,INSTAGRAM,N/A ,5498,0,Photo
1/8/2023 11:47,General ,TWITTER,Community Engagement ,19823,243,Photo
1/8/2023 12:21,General ,INSTAGRAM,N/A ,0,0,Photo
1/8/2023 12:21,General ,INSTAGRAM,N/A ,5327,0,Video
1/9/2023 9:10,CSGO,TWITTER,N/A ,0,0,Text
1/9/2023 9:13,CSGO,TWITTER,N/A ,0,0,Link
1/9/2023 9:42,CSGO,TWITTER,N/A ,0,0,Text
1/9/2023 9:59,CSGO,TWITTER,N/A ,2266,71,Text
1/9/2023 10:00,DOTA2,TWITTER,N/A ,3107,177,Text
1/9/2023 10:00,DOTA2,TWITTER,N/A ,35279,1327,Text
1/9/2023 10:00,General ,FBPAGE,N/A ,0,0,Text
1/9/2023 10:00,General ,FBPAGE,N/A ,107752,29860,Text
1/9/2023 10:09,General ,TWITTER,N/A ,13596,290,Video
1/9/2023 10:11,General ,TWITTER,N/A ,26535,194,Text
1/9/2023 11:28,DOTA2,TWITTER,N/A ,683,12,Text
1/9/2023 11:59,General ,FBPAGE,N/A ,0,0,Text
1/9/2023 12:24,DOTA2,TWITTER,N/A ,634,7,Text
1/9/2023 14:02,General ,FBPAGE,N/A ,0,0,Text
1/9/2023 14:04,General ,FBPAGE,N/A ,0,0,Text
1/9/2023 14:51,General ,TWITTER,N/A ,1011,29,Video
1/9/2023 15:25,DOTA2,TWITTER,N/A ,837,101,Video
1/9/2023 19:17,DOTA2,TWITTER,N/A ,450,35,Photo
1/10/2023 2:38,General ,TWITTER,N/A ,32613,274,Text
1/10/2023 8:20,DOTA2,TWITTER,N/A ,7139,694,Text
1/10/2023 9:00,DOTA2,TWITTER,N/A ,4285,400,Video
1/10/2023 9:00,General ,TWITTER,Community Engagement ,294471,5866,Photo
1/10/2023 9:00,General ,FBPAGE,Community Engagement ,28418,2074,Video
1/10/2023 9:01,General ,FBPAGE,N/A ,33609,5042,Video
1/10/2023 9:13,CSGO,TWITTER,N/A ,0,0,Text
1/10/2023 9:30,General ,TWITTER,N/A ,181,9,Text
1/10/2023 9:31,General ,TWITTER,N/A ,1547,16,Text
1/10/2023 9:36,DOTA2,TWITTER,N/A ,268,22,Video
1/10/2023 9:37,DOTA2,TWITTER,N/A ,69,3,Text
1/10/2023 10:00,General ,TWITTER,Community Engagement ,12760,40,Text
1/10/2023 10:00,General ,TWITTER,Community Engagement ,17922,233,Photo
1/10/2023 10:01,General ,TWITTER,N/A ,1366,42,Video
1/10/2023 10:07,General ,TWITTER,N/A ,633,17,Text
1/10/2023 10:11,General ,TWITTER,N/A ,5618,29,Text
1/10/2023 10:13,General ,TWITTER,N/A ,3009,59,Text
1/10/2023 10:34,General ,TWITTER,N/A ,121,10,Link
1/10/2023 10:41,General ,TWITTER,N/A ,42958,951,Photo
1/10/2023 11:03,General ,INSTAGRAM,N/A ,7187,0,Photo
1/10/2023 11:12,General ,INSTAGRAM,N/A ,6154,0,Video
1/10/2023 11:14,General ,TWITTER,Community Engagement ,20198,243,Photo
1/10/2023 11:14,General ,TWITTER,N/A ,16223,689,Video
1/10/2023 11:15,General ,INSTAGRAM,N/A ,5856,0,Video
1/10/2023 11:16,General ,INSTAGRAM,N/A ,5661,0,Photo
1/10/2023 11:25,General ,TWITTER,N/A ,1122,21,Video
1/10/2023 11:35,General ,TWITTER,N/A ,2074,36,Photo
1/10/2023 11:36,General ,TWITTER,N/A ,603,9,Text
1/10/2023 11:53,General ,TWITTER,Community Engagement ,17670,177,Photo
1/10/2023 12:33,DOTA2,TWITTER,N/A ,2801,184,Video
1/10/2023 12:49,General ,INSTAGRAM,N/A ,5224,0,Video
1/10/2023 12:54,General ,TWITTER,Community Engagement ,19801,648,Video
1/10/2023 12:55,General ,INSTAGRAM,N/A ,0,0,Photo
1/10/2023 12:55,General ,INSTAGRAM,N/A ,0,0,Photo
1/10/2023 12:55,General ,INSTAGRAM,N/A ,0,0,Photo
1/10/2023 13:05,General ,TWITTER,N/A ,977,13,Text
1/10/2023 13:34,General ,TWITTER,Community Engagement ,26648,197,Text
1/10/2023 13:35,General ,TWITTER,N/A ,2443,25,Text
1/10/2023 13:47,General ,TWITTER,N/A ,37774,1098,Photo
1/10/2023 13:57,General ,TWITTER,N/A ,26563,1320,Video
1/10/2023 13:59,General ,INSTAGRAM,N/A ,5052,0,Video
1/10/2023 14:02,General ,INSTAGRAM,N/A ,4744,0,Video
1/10/2023 14:07,General ,TWITTER,Community Engagement ,24756,1172,Video
1/10/2023 14:31,DOTA2,TWITTER,N/A ,22013,4465,Video
1/10/2023 14:32,General ,FBPAGE,N/A ,753227,95062,Video
1/10/2023 14:34,General ,FBPAGE,N/A ,0,0,Text
1/10/2023 14:41,General ,TWITTER,N/A ,316,23,Link
1/10/2023 15:03,General ,TWITTER,N/A ,810,31,Text
1/10/2023 15:28,General ,TWITTER,N/A ,1369,26,Text
1/10/2023 17:01,General ,FBPAGE,N/A ,0,0,Text
1/10/2023 17:55,General ,TWITTER,N/A ,3071,54,Text
1/11/2023 9:10,General,LINKEDIN_COMPANY,N/A ,1420,7,Text
1/11/2023 10:00,DOTA2,TWITTER,N/A ,19008,820,Photo
1/11/2023 10:00,General ,FBPAGE,N/A ,84782,14259,Photo
1/11/2023 10:38,DOTA2,TWITTER,N/A ,1656,70,Text
1/11/2023 10:38,General ,FBPAGE,N/A ,0,0,Text
1/11/2023 10:44,DOTA2,TWITTER,N/A ,429,22,Text
1/11/2023 10:45,DOTA2,TWITTER,N/A ,1525,75,Text
1/11/2023 11:07,DOTA2,TWITTER,N/A ,109,5,Photo
1/11/2023 13:00,General ,TWITTER,Community Engagement ,17703,202,Photo
1/11/2023 15:00,DOTA2,TWITTER,N/A ,7835,808,Video
1/11/2023 15:00,General ,FBPAGE,N/A ,50514,14223,Video
1/11/2023 19:19,General ,FBPAGE,N/A ,0,0,Text
1/11/2023 19:19,General ,FBPAGE,N/A ,0,0,Text
1/11/2023 20:48,DOTA2,TWITTER,N/A ,3430,322,Video
1/12/2023 6:48,DOTA2,TWITTER,N/A ,681,98,Photo
1/12/2023 7:00,DOTA2,TWITTER,N/A ,8770,847,Photo
1/12/2023 7:00,General ,FBPAGE,N/A ,73045,30005,Photo
1/12/2023 7:07,DOTA2,TWITTER,N/A ,425,15,Text
1/12/2023 7:11,DOTA2,TWITTER,N/A ,1663,101,Text
1/12/2023 7:11,General ,FBPAGE,N/A ,0,0,Text
1/12/2023 8:21,DOTA2,TWITTER,N/A ,417,13,Text
1/12/2023 8:36,DOTA2,TWITTER,N/A ,170,0,Text
1/12/2023 9:14,DOTA2,TWITTER,N/A ,725,46,Text
1/12/2023 9:23,General,LINKEDIN_COMPANY,N/A ,1176,0,Text
1/12/2023 9:32,DOTA2,TWITTER,N/A ,5147,207,Photo
1/12/2023 9:33,General ,FBPAGE,N/A ,0,0,Link
1/12/2023 9:33,General ,FBPAGE,N/A ,40002,6905,Photo
1/12/2023 9:35,General ,FBPAGE,Community Engagement ,38969,3346,Photo
1/12/2023 9:36,General ,INSTAGRAM,N/A ,10350,0,Photo
1/12/2023 9:37,DOTA2,TWITTER,N/A ,12651,1792,Photo
1/12/2023 9:38,General ,FBPAGE,N/A ,84053,27231,Photo
1/12/2023 9:57,General ,FBPAGE,N/A ,36117,9189,Video
1/12/2023 9:59,DOTA2,TWITTER,N/A ,4071,476,Video
1/12/2023 10:10,General ,TWITTER,N/A ,5663,132,Text
1/12/2023 10:18,DOTA2,TWITTER,N/A ,3491,218,Text
1/12/2023 10:18,General ,FBPAGE,N/A ,43776,6408,Text
1/12/2023 10:22,DOTA2,TWITTER,N/A ,7974,655,Photo
1/12/2023 10:23,General ,FBPAGE,N/A ,116385,25574,Photo
1/12/2023 10:30,General ,FBPAGE,N/A ,0,0,Text
1/12/2023 10:31,General ,FBPAGE,N/A ,0,0,Text
1/12/2023 11:00,CSGO,TWITTER,Community Engagement ,78009,2387,Photo
1/12/2023 11:05,DOTA2,TWITTER,N/A ,1850,109,Photo
1/12/2023 11:08,General ,FBPAGE,N/A ,81877,7535,Photo
1/12/2023 11:22,DOTA2,TWITTER,N/A ,7011,1623,Video
1/12/2023 11:24,General ,FBPAGE,N/A ,58427,20122,Video
1/12/2023 11:37,DOTA2,TWITTER,N/A ,15140,796,Photo
1/12/2023 11:37,DOTA2,TWITTER,N/A ,7163,504,Text
1/12/2023 11:38,General ,FBPAGE,N/A ,59714,16537,Photo
1/12/2023 11:42,DOTA2,TWITTER,N/A ,347,6,Text
1/12/2023 11:43,DOTA2,TWITTER,N/A ,2121,133,Text
1/12/2023 11:45,General ,FBPAGE,Community Engagement ,45130,6516,Photo
1/12/2023 11:47,DOTA2,TWITTER,N/A ,8840,469,Photo
1/12/2023 11:47,General ,INSTAGRAM,N/A ,8746,0,Photo
1/12/2023 11:48,General ,FBPAGE,N/A ,136126,23543,Photo
1/12/2023 11:49,DOTA2,TWITTER,N/A ,0,0,Video
1/12/2023 11:51,DOTA2,TWITTER,N/A ,424,16,Text
1/12/2023 11:53,General ,FBPAGE,N/A ,0,0,Text
1/12/2023 11:57,DOTA2,TWITTER,N/A ,521,3,Text
1/12/2023 12:00,General ,FBPAGE,N/A ,0,0,Text
1/12/2023 12:52,General ,TWITTER,N/A ,2760,58,Text
1/12/2023 12:52,General ,FBPAGE,N/A ,0,0,Text
1/12/2023 13:46,General ,TWITTER,N/A ,19049,239,Photo
1/13/2023 12:32,General ,TWITTER,N/A ,32512,1311,Photo
1/13/2023 12:33,General ,TWITTER,N/A ,2682,124,Photo
1/13/2023 12:37,General ,TWITTER,N/A ,2560,105,Photo
1/13/2023 12:41,General ,INSTAGRAM,N/A ,6149,0,Photo
1/13/2023 12:42,General ,INSTAGRAM,N/A ,0,0,Photo
1/13/2023 12:42,General ,INSTAGRAM,N/A ,5382,0,Video
1/13/2023 12:42,General ,INSTAGRAM,N/A ,0,0,Photo
1/13/2023 12:42,General ,INSTAGRAM,N/A ,0,0,Photo
1/13/2023 12:44,General ,INSTAGRAM,N/A ,0,0,Photo
1/13/2023 12:44,General ,INSTAGRAM,N/A ,0,0,Photo
1/13/2023 12:44,General ,INSTAGRAM,N/A ,5022,0,Photo
1/13/2023 12:44,General ,INSTAGRAM,N/A ,0,0,Photo
1/13/2023 12:44,General ,INSTAGRAM,N/A ,0,0,Photo
1/13/2023 12:44,General ,INSTAGRAM,N/A ,5182,0,Video
1/13/2023 15:00,General ,TWITTER,N/A ,15447,133,Text
1/13/2023 15:00,General ,TWITTER,N/A ,27952,1382,Video
1/13/2023 15:04,General ,INSTAGRAM,N/A ,5355,0,Video
1/13/2023 15:05,General ,INSTAGRAM,N/A ,0,0,Photo
1/13/2023 15:05,General ,INSTAGRAM,N/A ,0,0,Photo
1/13/2023 15:05,General ,INSTAGRAM,N/A ,0,0,Photo
1/14/2023 10:00,DOTA2,TWITTER,N/A ,5680,477,Photo
1/15/2023 9:00,CSGO,TWITTER,Community Engagement ,204908,5013,Photo
1/16/2023 9:00,General ,TWITTER,N/A ,22325,57,Link
1/16/2023 10:02,DOTA2,TWITTER,N/A ,3030,257,Photo
1/16/2023 10:04,General ,FBPAGE,N/A ,40906,7083,Photo
1/16/2023 10:45,General ,FBPAGE,N/A ,0,0,Text
1/17/2023 9:13,DOTA2,TWITTER,N/A ,1257,102,Photo
1/17/2023 9:13,DOTA2,TWITTER,N/A ,2459,154,Photo
1/17/2023 9:13,General ,FBPAGE,N/A ,50700,7510,Photo
1/17/2023 9:14,General ,FBPAGE,N/A ,0,0,Photo
1/17/2023 9:14,General ,FBPAGE,N/A ,0,0,Photo
1/17/2023 10:00,DOTA2,TWITTER,N/A ,10818,739,Video
1/17/2023 10:00,General ,TWITTER,Community Engagement ,153426,2707,Video
1/17/2023 10:00,General ,INSTAGRAM,N/A ,29426,1156,Video
1/17/2023 10:00,General ,FBPAGE,Community Engagement ,47822,1367,Video
1/17/2023 10:00,General ,FBPAGE,N/A ,28557,5986,Video
1/17/2023 10:04,CSGO,TWITTER,N/A ,0,0,Video
1/17/2023 10:27,General ,FBPAGE,N/A ,0,0,Text
1/17/2023 11:22,General ,TWITTER,N/A ,6896,311,Video
1/17/2023 11:25,General ,FBPAGE,N/A ,0,0,Text
1/17/2023 11:26,General ,FBPAGE,N/A ,0,0,Text
1/17/2023 11:27,General ,FBPAGE,N/A ,0,0,Text
1/17/2023 11:28,General ,FBPAGE,N/A ,0,0,Text
1/17/2023 11:42,DOTA2,TWITTER,N/A ,1267,50,Text
1/17/2023 11:45,DOTA2,TWITTER,N/A ,967,25,Video
1/17/2023 12:00,General ,TWITTER,N/A ,34946,920,Photo
1/17/2023 12:00,General,LINKEDIN_COMPANY,N/A ,5270,121,Photo
1/17/2023 14:00,General ,TWITTER,Community Engagement ,28884,1102,Photo
1/17/2023 14:01,General ,TWITTER,N/A ,557,38,Video
1/17/2023 15:00,CSGO,TWITTER,Community Engagement ,82237,1505,Photo
1/17/2023 15:15,CSGO,TWITTER,N/A ,322,5,Text
1/17/2023 15:27,DOTA2,TWITTER,N/A ,8755,402,Photo
1/17/2023 15:27,General ,FBPAGE,N/A ,32342,3744,Photo
1/17/2023 15:28,General ,FBPAGE,N/A ,0,0,Link
1/17/2023 15:29,General ,INSTAGRAM,N/A ,10232,0,Photo
1/17/2023 15:38,General ,FBPAGE,Community Engagement ,8623,592,Photo
1/17/2023 16:02,DOTA2,TWITTER,N/A ,2536,139,Text
1/17/2023 16:02,General ,FBPAGE,N/A ,34889,7422,Text
1/17/2023 16:06,DOTA2,TWITTER,N/A ,4598,181,Photo
1/17/2023 16:08,General ,FBPAGE,N/A ,37281,7025,Photo
1/17/2023 16:10,General ,FBPAGE,N/A ,0,0,Text
1/17/2023 16:17,DOTA2,TWITTER,N/A ,4164,298,Video
1/17/2023 16:18,General ,FBPAGE,N/A ,18212,2763,Video
1/17/2023 16:19,DOTA2,TWITTER,N/A ,1439,74,Text
1/17/2023 16:28,General ,FBPAGE,N/A ,66029,9579,Video
1/17/2023 16:29,DOTA2,TWITTER,N/A ,2121,325,Video
1/17/2023 16:56,DOTA2,TWITTER,N/A ,1670,276,Video
1/17/2023 16:57,General ,FBPAGE,N/A ,28273,5795,Video
1/17/2023 17:08,General ,FBPAGE,N/A ,0,0,Text
1/17/2023 17:09,General ,FBPAGE,N/A ,0,0,Text
1/17/2023 17:13,DOTA2,TWITTER,N/A ,7987,909,Video
1/17/2023 17:13,General ,FBPAGE,N/A ,186100,30082,Video
1/17/2023 17:18,DOTA2,TWITTER,N/A ,4091,335,Photo
1/17/2023 17:18,General ,FBPAGE,N/A ,50365,11250,Photo
1/17/2023 17:20,General ,FBPAGE,Community Engagement ,19780,2183,Photo
1/17/2023 17:21,General ,INSTAGRAM,N/A ,8375,0,Photo
1/17/2023 17:24,DOTA2,TWITTER,N/A ,7022,578,Photo
1/17/2023 17:25,General ,FBPAGE,N/A ,47757,13729,Photo
1/17/2023 17:42,General ,TWITTER,N/A ,0,0,Text
1/18/2023 10:58,DOTA2,TWITTER,N/A ,10312,824,Video
1/18/2023 10:58,General ,FBPAGE,N/A ,33842,10296,Video
1/18/2023 14:06,CSGO,TWITTER,N/A ,32891,3719,Video
1/18/2023 15:58,CSGO,TWITTER,N/A ,0,0,Photo
1/19/2023 6:00,CSGO,TWITTER,Community Engagement ,6161,162,Photo
1/19/2023 6:00,General ,INSTAGRAM,N/A ,8024,0,Photo
1/19/2023 6:02,General ,FBPAGE,N/A ,5,44,Photo
1/19/2023 6:02,General ,FBPAGE,N/A ,40,23,Photo
1/19/2023 6:02,General ,FBPAGE,N/A ,0,0,Album
1/19/2023 6:02,General ,FBPAGE,N/A ,0,0,Album
1/19/2023 6:02,General ,FBPAGE,N/A ,0,0,Album
1/19/2023 6:02,General ,FBPAGE,N/A ,20,8,Album
1/19/2023 6:57,CSGO,TWITTER,N/A ,1983,63,Photo
1/19/2023 6:58,General ,INSTAGRAM,N/A ,6656,0,Photo
1/19/2023 7:17,CSGO,TWITTER,N/A ,7649,768,Video
1/19/2023 7:18,CSGO,TWITTER,N/A ,1305,15,Text
1/19/2023 7:38,CSGO,TWITTER,N/A ,5352,701,Video
1/19/2023 8:08,CSGO,TWITTER,N/A ,8987,1228,Video
1/19/2023 8:13,CSGO,TWITTER,N/A ,4270,138,Photo
1/19/2023 8:15,General ,INSTAGRAM,N/A ,6301,0,Photo
1/19/2023 8:19,CSGO,TWITTER,N/A ,10114,1191,Video
1/19/2023 8:37,DOTA2,TWITTER,N/A ,1114,63,Photo
1/19/2023 8:37,DOTA2,TWITTER,N/A ,5464,365,Photo
1/19/2023 8:38,General ,FBPAGE,N/A ,0,0,Photo
1/19/2023 8:38,General ,FBPAGE,N/A ,52862,10412,Photo
1/19/2023 9:30,CSGO,TWITTER,N/A ,7792,1258,Video
1/19/2023 9:38,CSGO,TWITTER,N/A ,34775,1883,Photo
1/19/2023 9:38,General ,INSTAGRAM,N/A ,6157,0,Photo
1/19/2023 9:40,CSGO,TWITTER,N/A ,28358,2295,Photo
1/19/2023 9:55,General ,TWITTER,N/A ,0,0,Photo
1/19/2023 10:08,General ,INSTAGRAM,N/A ,0,0,Photo
1/19/2023 10:08,General ,INSTAGRAM,N/A ,5702,0,Photo
1/19/2023 10:08,General ,INSTAGRAM,N/A ,5796,0,Photo
1/19/2023 10:08,General ,INSTAGRAM,N/A ,5971,0,Photo
1/19/2023 10:09,General ,INSTAGRAM,N/A ,0,0,Photo
1/19/2023 10:09,General ,INSTAGRAM,N/A ,0,0,Photo
1/19/2023 10:09,General ,INSTAGRAM,N/A ,0,0,Photo
1/19/2023 10:09,General ,INSTAGRAM,N/A ,5560,0,Photo
1/19/2023 11:20,General ,TWITTER,N/A ,486,32,Text
1/19/2023 12:30,General ,TWITTER,Evil Exhibited ,449052,7882,Photo
1/19/2023 13:37,General ,INSTAGRAM,N/A ,5951,0,Photo
1/19/2023 13:37,General ,FBPAGE,Community Engagement ,12150,445,Photo
1/19/2023 13:38,DOTA2,TWITTER,N/A ,1696,103,Photo
1/19/2023 13:38,General ,FBPAGE,N/A ,0,0,Link
1/19/2023 13:38,General ,FBPAGE,N/A ,42489,6597,Photo
1/19/2023 13:51,General ,FBPAGE,N/A ,24479,3487,Photo
1/19/2023 13:56,DOTA2,TWITTER,N/A ,1250,77,Photo
1/19/2023 14:24,DOTA2,TWITTER,N/A ,1238,115,Photo
1/19/2023 14:24,General ,FBPAGE,Community Engagement ,30869,2775,Photo
1/19/2023 14:25,General ,FBPAGE,N/A ,35794,20721,Photo
1/19/2023 14:33,DOTA2,TWITTER,N/A ,1205,170,Video
1/19/2023 14:34,General ,FBPAGE,N/A ,39364,8207,Video
1/19/2023 14:36,DOTA2,TWITTER,N/A ,1518,113,Photo
1/19/2023 14:36,General ,FBPAGE,N/A ,43290,19652,Photo
1/19/2023 14:38,General ,FBPAGE,N/A ,0,0,Text
1/19/2023 14:39,General ,FBPAGE,Community Engagement ,51020,12408,Photo
1/19/2023 14:41,DOTA2,TWITTER,N/A ,2647,155,Text
1/19/2023 14:41,General ,FBPAGE,N/A ,29562,4153,Text
1/19/2023 14:47,DOTA2,TWITTER,N/A ,535,15,Text
1/19/2023 15:19,DOTA2,TWITTER,N/A ,2505,108,Text
1/19/2023 15:19,General ,FBPAGE,N/A ,35546,4192,Text
1/19/2023 15:40,CSGO,TWITTER,Community Engagement ,14420,835,Photo
1/19/2023 15:49,DOTA2,TWITTER,N/A ,5392,1369,Photo
1/19/2023 15:50,General ,FBPAGE,N/A ,50391,20177,Photo
1/19/2023 15:53,DOTA2,TWITTER,N/A ,2254,104,Text
1/19/2023 15:53,General ,FBPAGE,N/A ,34311,3844,Text
1/19/2023 16:07,General ,TWITTER,N/A ,3355,49,Text
1/19/2023 16:56,General ,FBPAGE,N/A ,41106,11339,Video
1/19/2023 16:58,DOTA2,TWITTER,N/A ,4421,813,Video
1/19/2023 17:01,DOTA2,TWITTER,N/A ,5688,441,Photo
1/19/2023 17:02,General ,FBPAGE,Community Engagement ,26131,1719,Photo
1/19/2023 17:02,General ,FBPAGE,N/A ,50656,12539,Photo
1/19/2023 17:03,General ,INSTAGRAM,N/A ,6162,0,Photo
1/19/2023 17:09,DOTA2,TWITTER,N/A ,2609,123,Text
1/19/2023 17:12,DOTA2,TWITTER,N/A ,5825,503,Photo
1/19/2023 17:12,General ,FBPAGE,N/A ,54064,19836,Photo
1/19/2023 17:20,DOTA2,TWITTER,N/A ,499,5,Text
1/19/2023 17:30,DOTA2,TWITTER,N/A ,2529,334,Photo
1/19/2023 17:30,General ,FBPAGE,N/A ,16066,1447,Photo
1/19/2023 17:30,General ,FBPAGE,N/A ,16066,1447,Photo
1/19/2023 17:30,General ,FBPAGE,N/A ,32131,2892,Photo
1/20/2023 15:33,Content Creators,YOUTUBE,N/A ,1676,56,Video
1/20/2023 15:33,Content Creators,YOUTUBE,N/A ,2031,130,Video
1/20/2023 15:33,Content Creators,YOUTUBE,N/A ,225,15,Video
1/20/2023 15:33,Content Creators,YOUTUBE,N/A ,349,23,Video
1/20/2023 15:33,Content Creators,YOUTUBE,N/A ,341,14,Video
1/20/2023 15:33,Content Creators,YOUTUBE,N/A ,2256,80,Video
1/20/2023 15:33,Content Creators,YOUTUBE,N/A ,389,16,Video
1/21/2023 5:00,CSGO,TWITTER,Community Engagement ,8878,930,Video
1/21/2023 7:44,CSGO,TWITTER,Community Engagement ,2748,88,Photo
1/21/2023 7:44,General ,INSTAGRAM,N/A ,6012,0,Photo
1/21/2023 8:37,CSGO,TWITTER,N/A ,1858,225,Video
1/21/2023 8:44,CSGO,TWITTER,N/A ,3213,431,Video
1/21/2023 8:48,CSGO,TWITTER,N/A ,1963,32,Photo
1/21/2023 8:59,General ,INSTAGRAM,N/A ,4903,0,Photo
1/21/2023 9:42,CSGO,TWITTER,N/A ,1574,62,Photo
1/21/2023 9:43,General ,INSTAGRAM,N/A ,4552,0,Photo
1/21/2023 13:06,General ,TWITTER,N/A ,64614,4268,Mixed
1/21/2023 13:07,General ,INSTAGRAM,N/A ,4175,0,Video
1/21/2023 13:07,General ,INSTAGRAM,N/A ,0,0,Photo
1/21/2023 13:07,General ,INSTAGRAM,N/A ,4303,0,Video
1/21/2023 13:07,General ,INSTAGRAM,N/A ,4543,0,Photo
1/21/2023 13:08,General ,INSTAGRAM,N/A ,0,0,Photo
1/21/2023 13:08,General ,INSTAGRAM,N/A ,0,0,Photo
1/21/2023 13:08,General ,INSTAGRAM,N/A ,0,0,Photo
1/21/2023 13:08,General ,INSTAGRAM,N/A ,0,0,Photo
1/21/2023 13:08,General ,INSTAGRAM,N/A ,0,0,Photo
1/21/2023 13:08,General ,INSTAGRAM,N/A ,0,0,Photo
1/21/2023 13:08,General ,INSTAGRAM,N/A ,0,0,Photo
1/21/2023 13:08,General ,INSTAGRAM,N/A ,4076,0,Video
1/21/2023 13:11,General ,INSTAGRAM,N/A ,3981,0,Photo
1/21/2023 13:12,General ,INSTAGRAM,N/A ,0,0,Photo
1/21/2023 13:12,General ,INSTAGRAM,N/A ,0,0,Photo
1/21/2023 15:00,General ,TWITTER,N/A ,26261,777,Video
1/21/2023 15:01,General ,INSTAGRAM,N/A ,3945,0,Video
1/21/2023 15:02,General ,INSTAGRAM,N/A ,0,0,Photo
1/21/2023 15:02,General ,INSTAGRAM,N/A ,0,0,Photo
1/21/2023 17:04,General ,TWITTER,Community Engagement ,14809,109,Photo
1/21/2023 17:05,General ,INSTAGRAM,N/A ,4318,0,Photo
1/21/2023 17:48,General ,YOUTUBE,N/A ,2931,199,Video
1/21/2023 17:51,General ,TWITTER,N/A ,0,0,Photo
1/21/2023 17:52,General ,TWITTER,N/A ,4079,51,Text
1/21/2023 17:54,General ,TWITTER,Community Engagement ,25422,1593,Photo
1/21/2023 17:59,General ,TWITTER,N/A ,1805,46,Video
1/21/2023 18:44,General ,TWITTER,Community Engagement ,15100,106,Photo
1/21/2023 18:45,General ,INSTAGRAM,N/A ,4827,0,Photo
1/21/2023 19:18,General ,INSTAGRAM,N/A ,4888,0,Photo
1/22/2023 9:00,General ,TWITTER,Community Engagement ,25169,288,Photo
1/22/2023 9:00,General ,FBPAGE,Community Engagement ,40101,2520,Photo
1/22/2023 9:57,General ,FBPAGE,N/A ,34648,5415,Photo
1/22/2023 9:58,DOTA2,TWITTER,N/A ,911,56,Photo
1/22/2023 9:58,DOTA2,TWITTER,N/A ,3735,254,Photo
1/22/2023 9:58,General ,FBPAGE,N/A ,0,0,Photo
1/22/2023 9:58,General ,FBPAGE,N/A ,0,0,Photo
1/22/2023 11:04,General ,TWITTER,Community Engagement ,38750,2215,Video
1/22/2023 11:04,General ,TWITTER,N/A ,329,9,Link
1/22/2023 11:05,General ,TWITTER,N/A ,156,5,Text
1/22/2023 11:32,General ,TIKTOK_BUSINESS,N/A ,367,22,Video
1/22/2023 12:51,DOTA2,TWITTER,N/A ,1621,104,Photo
1/22/2023 13:01,General ,YOUTUBE,N/A ,0,0,Text
1/22/2023 13:21,General ,INSTAGRAM,N/A ,0,0,Video
1/22/2023 13:21,General ,INSTAGRAM,N/A ,0,0,Video
1/22/2023 13:31,General ,TIKTOK_BUSINESS,N/A ,767,88,Video
1/22/2023 13:44,General ,YOUTUBE,N/A ,533,23,Video
1/22/2023 14:30,General ,INSTAGRAM,Community Engagement ,18361,900,Photo
1/22/2023 14:32,General ,INSTAGRAM,N/A ,11912,205,Video
1/22/2023 14:33,General ,INSTAGRAM,N/A ,0,0,Text
1/22/2023 14:33,General ,INSTAGRAM,N/A ,0,0,Text
1/22/2023 14:33,General ,INSTAGRAM,N/A ,0,0,Text
1/22/2023 15:00,General ,TWITTER,N/A ,778,9,Text
1/22/2023 15:02,General ,TWITTER,N/A ,1330,22,Text
1/22/2023 15:12,General ,INSTAGRAM,N/A ,8523,0,Photo
1/22/2023 15:12,General ,FBPAGE,Community Engagement ,13907,331,Photo
1/22/2023 15:13,DOTA2,TWITTER,N/A ,2498,149,Photo
1/22/2023 15:13,General ,FBPAGE,N/A ,39541,6427,Photo
1/22/2023 15:14,General ,FBPAGE,N/A ,0,0,Link
1/22/2023 15:21,General ,FBPAGE,N/A ,0,0,Text
1/22/2023 15:23,General ,FBPAGE,N/A ,0,0,Text
1/22/2023 15:53,DOTA2,TWITTER,N/A ,3431,195,Text
1/22/2023 15:54,General ,FBPAGE,N/A ,32649,4202,Text
1/22/2023 16:13,DOTA2,TWITTER,N/A ,2495,161,Photo
1/22/2023 16:14,General ,FBPAGE,N/A ,45193,7531,Photo
1/22/2023 16:34,General ,FBPAGE,N/A ,0,0,Text
1/22/2023 16:34,General ,FBPAGE,N/A ,0,0,Text
1/22/2023 16:35,General ,FBPAGE,N/A ,0,0,Text
1/22/2023 16:51,General ,FBPAGE,N/A ,0,0,Text
1/22/2023 16:53,General ,FBPAGE,N/A ,0,0,Text
1/22/2023 17:02,DOTA2,TWITTER,N/A ,5846,368,Photo
1/22/2023 17:03,General ,FBPAGE,N/A ,40580,6751,Photo
1/22/2023 17:04,General ,FBPAGE,Community Engagement ,30556,2130,Photo
1/22/2023 17:05,General ,INSTAGRAM,N/A ,7643,0,Photo
1/22/2023 17:11,DOTA2,TWITTER,N/A ,3089,280,Photo
1/22/2023 17:11,General ,FBPAGE,N/A ,43692,11795,Photo
1/22/2023 17:14,DOTA2,TWITTER,N/A ,210,4,Text
1/22/2023 17:23,General ,TWITTER,N/A ,5406,78,Text
1/22/2023 18:56,General ,TWITTER,Community Engagement ,25487,164,Text
1/22/2023 19:30,General ,FBPAGE,Community Engagement ,15207,1098,Video
1/22/2023 20:31,CSGO,TWITTER,N/A ,0,0,Text
1/22/2023 20:31,CSGO,TWITTER,N/A ,0,0,Text
1/22/2023 20:31,CSGO,TWITTER,N/A ,0,0,Text
1/22/2023 21:32,Content Creators,YOUTUBE,N/A ,0,0,Text
1/23/2023 8:46,General ,TWITTER,N/A ,1716,20,Text
1/23/2023 9:19,General ,INSTAGRAM,N/A ,13477,192,Video
1/23/2023 9:20,General ,INSTAGRAM,N/A ,0,0,Text
1/23/2023 9:20,General ,INSTAGRAM,N/A ,0,0,Text
1/23/2023 9:20,General ,INSTAGRAM,N/A ,0,0,Text
1/23/2023 9:34,General ,TIKTOK_BUSINESS,N/A ,470,54,Video
1/23/2023 9:55,CSGO,TWITTER,N/A ,372,14,Text
1/23/2023 11:00,General ,TWITTER,Community Engagement ,120607,1910,Photo
1/23/2023 11:00,General ,INSTAGRAM,Community Engagement ,38933,1360,Photo
1/23/2023 11:38,General ,FBPAGE,Community Engagement ,39880,2124,Photo
1/23/2023 12:22,DOTA2,TWITTER,N/A ,5056,329,Photo
1/23/2023 12:23,General ,FBPAGE,N/A ,51864,8664,Photo
1/23/2023 12:26,DOTA2,TWITTER,N/A ,69,8,Text
1/23/2023 12:33,General ,FBPAGE,N/A ,0,0,Text
1/23/2023 12:33,General ,FBPAGE,N/A ,0,0,Text
1/23/2023 12:33,General ,FBPAGE,N/A ,0,0,Text
1/23/2023 12:34,General ,FBPAGE,N/A ,0,0,Text
1/23/2023 12:47,General ,TWITTER,N/A ,451,11,Text
1/23/2023 13:09,General ,TWITTER,Community Engagement ,15715,103,Photo
1/23/2023 13:09,General ,INSTAGRAM,N/A ,6180,0,Photo
1/23/2023 14:10,General ,TIKTOK_BUSINESS,N/A ,1603,128,Video
1/23/2023 14:14,General ,YOUTUBE,N/A ,5070,153,Video
1/23/2023 14:14,DOTA2,TWITTER,N/A ,622,18,Text
1/23/2023 14:15,DOTA2,TWITTER,N/A ,542,13,Text
1/23/2023 14:16,General ,INSTAGRAM,N/A ,179,1,Video
1/23/2023 14:30,General ,TWITTER,Community Engagement ,21470,212,Photo
1/23/2023 14:31,General ,INSTAGRAM,N/A ,5368,0,Photo
1/23/2023 15:53,DOTA2,TWITTER,N/A ,0,0,Text
1/23/2023 15:57,DOTA2,TWITTER,N/A ,1541,224,Video
1/23/2023 15:57,General ,FBPAGE,N/A ,28137,4813,Video
1/23/2023 19:05,General ,TWITTER,Community Engagement ,341,18,Text
1/24/2023 6:01,CSGO,TWITTER,Community Engagement ,4710,138,Photo
1/24/2023 6:01,General ,INSTAGRAM,Community Engagement ,5605,0,Photo
1/24/2023 6:23,CSGO,TWITTER,Community Engagement ,3659,468,Video
1/24/2023 6:33,CSGO,TWITTER,Community Engagement ,5939,623,Video
1/24/2023 6:57,CSGO,TWITTER,Community Engagement ,2122,101,Photo
1/24/2023 6:58,General ,INSTAGRAM,Community Engagement ,5070,0,Photo
1/24/2023 7:01,CSGO,TWITTER,Community Engagement ,8314,676,Video
1/24/2023 7:07,CSGO,TWITTER,N/A ,0,0,Video
1/24/2023 7:44,CSGO,TWITTER,Community Engagement ,8513,1416,Video
1/24/2023 7:45,CSGO,TWITTER,Community Engagement ,1456,70,Text
1/24/2023 7:55,CSGO,TWITTER,Community Engagement ,2705,84,Photo
1/24/2023 7:56,General ,INSTAGRAM,Community Engagement ,5002,0,Photo
1/24/2023 8:00,DOTA2,TWITTER,Community Engagement ,1139,55,Photo
1/24/2023 8:00,DOTA2,TWITTER,Community Engagement ,5173,371,Photo
1/24/2023 8:00,General ,FBPAGE,Community Engagement ,0,0,Photo
1/24/2023 8:00,General ,FBPAGE,Community Engagement ,0,0,Photo
1/24/2023 8:00,General ,FBPAGE,Community Engagement ,8411,1445,Photo
1/24/2023 8:09,CSGO,TWITTER,Community Engagement ,21913,2833,Video
1/24/2023 8:16,CSGO,TWITTER,Community Engagement ,740,47,Photo
1/24/2023 8:53,CSGO,TWITTER,Community Engagement ,1652,35,Photo
1/24/2023 8:54,General ,INSTAGRAM,Community Engagement ,4872,0,Photo
1/24/2023 9:08,General ,FBPAGE,Community Engagement ,0,0,Text
1/24/2023 9:10,CSGO,TWITTER,Community Engagement ,6662,371,Text
1/24/2023 9:33,CSGO,TWITTER,Community Engagement ,212,8,Text
1/24/2023 10:00,General ,TWITTER,Evil Exhibited ,449596,8764,Photo
1/24/2023 10:01,General ,TWITTER,Community Engagement ,1232,33,Text
1/24/2023 11:00,General ,TWITTER,Community Engagement ,26253,439,Photo
1/24/2023 11:14,General ,TWITTER,Community Engagement ,2486,69,Text
1/24/2023 11:43,General ,TIKTOK_BUSINESS,Community Engagement ,381,41,Video
1/24/2023 11:46,General ,INSTAGRAM,Community Engagement ,13229,199,Video
1/24/2023 11:48,General ,YOUTUBE,Community Engagement ,1028,47,Video
1/24/2023 12:00,General ,TWITTER,Community Engagement ,18112,559,Video
1/24/2023 12:04,General ,YOUTUBE,Community Engagement ,1127,25,Video
1/24/2023 12:08,General ,YOUTUBE,Community Engagement ,763,27,Video
1/24/2023 12:42,DOTA2,TWITTER,Community Engagement ,205,11,Text
1/24/2023 13:05,DOTA2,TWITTER,Community Engagement ,1668,93,Photo
1/24/2023 13:05,General ,FBPAGE,Community Engagement ,0,0,Link
1/24/2023 13:05,General ,FBPAGE,Community Engagement ,39161,4822,Photo
1/24/2023 13:19,DOTA2,TWITTER,Community Engagement ,3905,125,Photo
1/24/2023 13:20,General ,FBPAGE,Community Engagement ,42461,5584,Photo
1/24/2023 13:30,General ,TIKTOK_BUSINESS,Community Engagement ,187,13,Video
1/24/2023 13:31,DOTA2,TWITTER,Community Engagement ,99,0,Text
1/24/2023 13:33,General ,FBPAGE,Community Engagement ,0,0,Text
1/24/2023 13:34,General ,INSTAGRAM,Community Engagement ,5829,0,Photo
1/24/2023 13:34,General ,FBPAGE,Community Engagement ,0,0,Text
1/24/2023 13:36,General ,INSTAGRAM,Community Engagement ,5460,0,Photo
1/24/2023 13:37,General ,INSTAGRAM,Community Engagement ,5015,0,Video
1/24/2023 13:45,DOTA2,TWITTER,Community Engagement ,4710,820,Video
1/24/2023 13:46,General ,FBPAGE,Community Engagement ,28735,10943,Video
1/24/2023 13:50,DOTA2,TWITTER,Community Engagement ,4710,369,Photo
1/24/2023 13:51,General ,FBPAGE,Community Engagement ,49693,13199,Photo
1/24/2023 14:00,General ,TWITTER,Evil Exhibited ,215328,4320,Photo
1/24/2023 14:02,General ,TWITTER,Community Engagement ,900,36,Text
1/24/2023 14:06,General ,YOUTUBE,Community Engagement ,993,31,Video
1/24/2023 14:06,DOTA2,TWITTER,Community Engagement ,2024,113,Text
1/24/2023 14:25,DOTA2,TWITTER,Community Engagement ,167,2,Text
1/24/2023 14:43,DOTA2,TWITTER,Community Engagement ,2658,207,Photo
1/24/2023 14:43,General ,FBPAGE,Community Engagement ,48472,12154,Photo
1/24/2023 14:46,General ,INSTAGRAM,Community Engagement ,386,3,Video
1/24/2023 14:46,General ,INSTAGRAM,N/A ,0,0,Text
1/24/2023 14:46,General ,INSTAGRAM,N/A ,0,0,Text
1/24/2023 14:46,General ,INSTAGRAM,N/A ,0,0,Text
1/24/2023 14:50,DOTA2,TWITTER,Community Engagement ,4527,371,Photo
1/24/2023 14:50,General ,FBPAGE,Community Engagement ,42426,9780,Photo
1/24/2023 15:00,General ,TWITTER,Community Engagement ,26409,913,Photo
1/24/2023 15:00,General ,TIKTOK_BUSINESS,Community Engagement ,178,11,Video
1/24/2023 15:00,General ,INSTAGRAM,Community Engagement ,19879,1109,Carousel
1/24/2023 15:05,DOTA2,TWITTER,Community Engagement ,1428,76,Text
1/24/2023 15:31,General ,TWITTER,Community Engagement ,2980,64,Text
1/24/2023 15:37,General ,TWITTER,Community Engagement ,496,16,Photo
1/24/2023 15:45,DOTA2,TWITTER,Community Engagement ,3521,194,Photo
1/24/2023 15:45,General ,FBPAGE,Community Engagement ,40529,5544,Photo
1/24/2023 15:54,DOTA2,TWITTER,Community Engagement ,3207,354,Photo
1/24/2023 16:27,Content Creators,YOUTUBE,Community Engagement ,0,0,Text
1/24/2023 16:27,Content Creators,YOUTUBE,Community Engagement ,0,0,Text
1/24/2023 16:30,General ,TIKTOK_BUSINESS,Community Engagement ,309,24,Video
1/24/2023 16:40,General ,YOUTUBE,Community Engagement ,11733,586,Video
1/24/2023 16:44,DOTA2,TWITTER,Community Engagement ,1460,53,Text
1/24/2023 16:44,DOTA2,TWITTER,Community Engagement ,2028,373,Mixed
1/24/2023 16:44,General ,FBPAGE,Community Engagement ,57267,14080,Photo
1/24/2023 16:44,General ,FBPAGE,Community Engagement ,28634,7040,Photo
1/24/2023 16:44,General ,FBPAGE,Community Engagement ,28634,7040,Photo
1/24/2023 16:47,General ,FBPAGE,Community Engagement ,0,0,Text
1/24/2023 16:48,General ,FBPAGE,Community Engagement ,0,0,Text
1/24/2023 18:33,DOTA2,TWITTER,N/A ,85,1,Text
1/24/2023 18:33,DOTA2,TWITTER,N/A ,103,0,Text
1/24/2023 19:09,General ,YOUTUBE,N/A ,0,0,Video
1/25/2023 8:52,DOTA2,TWITTER,N/A ,0,0,Text
1/25/2023 8:52,DOTA2,TWITTER,N/A ,0,0,Text
1/25/2023 8:54,DOTA2,TWITTER,N/A ,0,0,Text
1/25/2023 8:54,DOTA2,TWITTER,N/A ,0,0,Text
1/25/2023 9:22,General ,INSTAGRAM,Community Engagement ,7505,0,Photo
1/25/2023 10:03,General ,TWITTER,Community Engagement ,2772,63,Text
1/25/2023 10:24,Content Creators,YOUTUBE,Community Engagement ,1839,88,Video
1/25/2023 11:00,General ,INSTAGRAM,Community Engagement ,12594,244,Video
1/25/2023 11:00,General ,FBPAGE,Community Engagement ,17968,1121,Video
1/25/2023 11:01,General ,TWITTER,Community Engagement ,256502,12348,Video
1/25/2023 11:01,General ,INSTAGRAM,N/A ,0,0,Text
1/25/2023 11:01,General ,INSTAGRAM,N/A ,0,0,Text
1/25/2023 11:01,General ,INSTAGRAM,N/A ,0,0,Text
1/25/2023 11:01,General ,INSTAGRAM,N/A ,0,0,Text
1/25/2023 11:06,General ,TWITTER,Community Engagement ,12341,204,Link
1/25/2023 11:06,General ,FBPAGE,Community Engagement ,21361,3158,Video
1/25/2023 11:10,DOTA2,TWITTER,Community Engagement ,2522,231,Video
1/25/2023 11:17,General ,TWITTER,Community Engagement ,4740,247,Photo
1/25/2023 11:20,General ,TWITTER,Community Engagement ,27032,845,Video
1/25/2023 11:26,General ,TIKTOK_BUSINESS,Community Engagement ,649,47,Video
1/25/2023 11:39,General ,TWITTER,Community Engagement ,1088,27,Photo
1/25/2023 12:06,General ,TWITTER,Community Engagement ,127,7,Text
1/25/2023 12:39,General ,TIKTOK_BUSINESS,Community Engagement ,1592,91,Video
1/25/2023 12:41,General ,YOUTUBE,Community Engagement ,2213,38,Video
1/25/2023 12:42,General ,INSTAGRAM,Community Engagement ,1500,52,Video
1/25/2023 13:00,General ,TWITTER,Community Engagement ,8431,34,Link
1/25/2023 13:00,General ,TWITTER,Community Engagement ,14133,374,Photo
1/25/2023 13:22,General ,TWITTER,Community Engagement ,3987,251,Photo
1/25/2023 14:00,DOTA2,TWITTER,Community Engagement ,18726,1649,Photo
1/25/2023 14:00,General ,FBPAGE,Community Engagement ,80460,34672,Photo
1/25/2023 14:58,General ,TWITTER,Community Engagement ,6680,727,Video
1/25/2023 15:00,General ,TWITTER,Community Engagement ,14488,900,Video
1/25/2023 15:01,General ,TWITTER,Community Engagement ,8540,31,Link
1/25/2023 15:55,General ,TWITTER,Community Engagement ,750,43,Video
1/25/2023 15:57,General ,TWITTER,Community Engagement ,1140,57,Video
1/25/2023 15:58,General ,TWITTER,Community Engagement ,744,23,Video
1/25/2023 16:01,General ,TWITTER,Community Engagement ,666,35,Video
1/25/2023 16:01,General ,TWITTER,Community Engagement ,17221,541,Photo
1/25/2023 16:17,General ,TWITTER,Community Engagement ,921,45,Video
1/25/2023 23:39,General ,TWITTER,Community Engagement ,1935,121,Video
1/26/2023 8:10,DOTA2,TWITTER,Community Engagement ,1266,81,Photo
1/26/2023 8:10,DOTA2,TWITTER,Community Engagement ,4230,397,Photo
1/26/2023 8:10,General ,FBPAGE,Community Engagement ,0,0,Photo
1/26/2023 8:10,General ,FBPAGE,Community Engagement ,0,0,Photo
1/26/2023 8:10,General ,FBPAGE,Community Engagement ,7737,1594,Photo
1/26/2023 8:45,General ,FBPAGE,Community Engagement ,0,0,Text
1/26/2023 9:00,General ,TWITTER,Community Engagement ,214636,8985,Photo
1/26/2023 9:00,General ,INSTAGRAM,Community Engagement ,29416,748,Carousel
1/26/2023 9:00,General ,FBPAGE,Community Engagement ,36503,2115,Photo
1/26/2023 9:08,General ,TWITTER,Community Engagement ,6673,668,Video
1/26/2023 9:12,DOTA2,TWITTER,Community Engagement ,315,16,Text
1/26/2023 9:16,DOTA2,TWITTER,Community Engagement ,177,2,Text
1/26/2023 10:00,DOTA2,TWITTER,Community Engagement ,1562,68,Photo
1/26/2023 10:00,General ,FBPAGE,Community Engagement ,10429,823,Photo
1/26/2023 10:02,DOTA2,TWITTER,Community Engagement ,679,16,Photo
1/26/2023 10:02,General ,FBPAGE,Community Engagement ,0,0,Photo
1/26/2023 10:02,General ,FBPAGE,Community Engagement ,0,0,Photo
1/26/2023 11:00,General ,TWITTER,Community Engagement ,14156,521,Photo
1/26/2023 11:00,General ,TWITTER,Community Engagement ,621,30,Video
1/26/2023 11:23,General ,TIKTOK_BUSINESS,Community Engagement ,768,85,Video
1/26/2023 11:24,DOTA2,TWITTER,Community Engagement ,3883,322,Photo
1/26/2023 11:24,General ,FBPAGE,Community Engagement ,45688,8680,Photo
1/26/2023 11:30,DOTA2,TWITTER,N/A ,0,0,Text
1/26/2023 11:31,DOTA2,TWITTER,N/A ,0,0,Text
1/26/2023 11:47,DOTA2,TWITTER,N/A ,0,0,Text
1/26/2023 12:00,General ,TWITTER,Community Engagement ,9785,101,Text
1/26/2023 12:21,General ,TWITTER,Community Engagement ,3372,76,Video
1/26/2023 12:41,CSGO,TWITTER,N/A ,0,0,Text
1/26/2023 12:41,CSGO,TWITTER,N/A ,0,0,Text
1/26/2023 12:41,CSGO,TWITTER,N/A ,0,0,Text
1/26/2023 12:45,DOTA2,TWITTER,Community Engagement ,1236,64,Photo
1/26/2023 12:45,General ,FBPAGE,Community Engagement ,0,0,Link
1/26/2023 12:45,General ,FBPAGE,Community Engagement ,32172,4627,Photo
1/26/2023 13:05,General ,TWITTER,Community Engagement ,33588,1788,Photo
1/26/2023 13:12,DOTA2,TWITTER,Community Engagement ,677,21,Photo
1/26/2023 13:13,DOTA2,TWITTER,Community Engagement ,1640,68,Video
1/26/2023 13:26,General ,TWITTER,Community Engagement ,1109,44,Photo
1/26/2023 13:39,DOTA2,TWITTER,Community Engagement ,2328,155,Photo
1/26/2023 13:39,General ,FBPAGE,Community Engagement ,50696,8065,Photo
1/26/2023 13:41,General ,FBPAGE,Community Engagement ,0,0,Text
1/26/2023 13:44,General ,FBPAGE,Community Engagement ,0,0,Text
1/26/2023 13:45,General ,FBPAGE,Community Engagement ,0,0,Text
1/26/2023 13:45,General ,FBPAGE,Community Engagement ,0,0,Text
1/26/2023 13:45,General ,FBPAGE,Community Engagement ,0,0,Text
1/26/2023 13:46,General ,FBPAGE,Community Engagement ,0,0,Text
1/26/2023 13:46,General ,FBPAGE,Community Engagement ,0,0,Text
1/26/2023 13:49,General ,FBPAGE,Community Engagement ,0,0,Text
1/26/2023 13:50,General ,FBPAGE,Community Engagement ,0,0,Text
1/26/2023 13:50,General ,FBPAGE,Community Engagement ,0,0,Text
1/26/2023 13:50,General ,FBPAGE,Community Engagement ,0,0,Text
1/26/2023 13:51,General ,FBPAGE,Community Engagement ,0,0,Text
1/26/2023 13:51,General ,FBPAGE,Community Engagement ,0,0,Text
1/26/2023 13:59,General ,TWITTER,Community Engagement ,12001,233,Photo
1/26/2023 14:09,General ,INSTAGRAM,Community Engagement ,7305,0,Photo
1/26/2023 14:33,DOTA2,TWITTER,Community Engagement ,1468,80,Photo
1/26/2023 14:33,General ,FBPAGE,Community Engagement ,24656,4494,Photo
1/26/2023 14:44,DOTA2,TWITTER,Community Engagement ,30805,1366,Photo
1/26/2023 14:44,General ,FBPAGE,Community Engagement ,65929,21058,Photo
1/26/2023 14:46,General ,TWITTER,Community Engagement ,49014,1816,Photo
1/26/2023 14:46,General ,INSTAGRAM,Community Engagement ,71742,5472,Photo
1/26/2023 14:48,General ,INSTAGRAM,Community Engagement ,6456,0,Photo
1/26/2023 14:49,General ,INSTAGRAM,Community Engagement ,5729,0,Photo
1/26/2023 14:49,General ,INSTAGRAM,Community Engagement ,5853,0,Photo
1/26/2023 14:49,General ,INSTAGRAM,Community Engagement ,5967,0,Photo
1/26/2023 14:49,General ,INSTAGRAM,Community Engagement ,6148,0,Photo
1/26/2023 14:57,DOTA2,TWITTER,Community Engagement ,613,5,Text
1/26/2023 14:57,General ,TWITTER,Community Engagement ,1175,22,Text
1/26/2023 14:58,DOTA2,TWITTER,Community Engagement ,700,9,Text
1/26/2023 15:03,DOTA2,TWITTER,N/A ,0,0,Text
1/26/2023 15:04,DOTA2,TWITTER,N/A ,0,0,Video
1/26/2023 15:06,DOTA2,TWITTER,Community Engagement ,1640,128,Text
1/26/2023 15:07,General ,TIKTOK_BUSINESS,Community Engagement ,784,35,Video
1/26/2023 15:09,DOTA2,TWITTER,N/A ,0,0,Text
1/26/2023 15:10,DOTA2,TWITTER,Community Engagement ,402,18,Text
1/26/2023 15:13,General ,TWITTER,Community Engagement ,30335,361,Photo
1/26/2023 15:13,General ,INSTAGRAM,Community Engagement ,5637,0,Photo
1/26/2023 15:14,DOTA2,TWITTER,Community Engagement ,1361,43,Photo
1/26/2023 15:14,DOTA2,TWITTER,Community Engagement ,581,16,Text
1/26/2023 15:14,General ,FBPAGE,Community Engagement ,28552,2655,Photo
1/26/2023 15:24,DOTA2,TWITTER,Community Engagement ,1365,45,Text
1/26/2023 15:27,DOTA2,TWITTER,Community Engagement ,894,40,Photo
1/26/2023 15:27,General ,INSTAGRAM,Community Engagement ,5438,0,Video
1/26/2023 15:29,General ,TWITTER,Community Engagement ,10588,347,Video
1/26/2023 15:35,General ,TWITTER,Community Engagement ,11285,375,Video
1/26/2023 15:36,General ,INSTAGRAM,Community Engagement ,4898,0,Video
1/26/2023 15:41,DOTA2,TWITTER,Community Engagement ,1535,68,Photo
1/26/2023 15:45,General ,INSTAGRAM,Community Engagement ,5182,0,Photo
1/26/2023 15:59,General ,TWITTER,N/A ,0,0,Video
1/26/2023 16:00,General ,TWITTER,Community Engagement ,13259,133,Text
1/26/2023 16:00,General ,INSTAGRAM,Community Engagement ,5071,0,Video
1/26/2023 16:00,General ,INSTAGRAM,N/A ,0,0,Photo
1/26/2023 16:02,DOTA2,TWITTER,Community Engagement ,1115,37,Video
1/26/2023 16:02,General ,TWITTER,N/A ,0,0,Photo
1/26/2023 16:03,General ,TWITTER,Community Engagement ,29730,595,Photo
1/26/2023 16:04,DOTA2,TWITTER,Community Engagement ,1722,62,Photo
1/26/2023 16:04,General ,FBPAGE,Community Engagement ,51547,3675,Photo
1/26/2023 16:05,General ,TWITTER,Community Engagement ,28868,1864,Photo
1/26/2023 16:07,General ,TWITTER,Community Engagement ,2725,77,Text
1/26/2023 16:11,General ,TWITTER,Community Engagement ,1208,25,Text
1/26/2023 16:12,General ,TWITTER,Community Engagement ,14904,547,Video
1/26/2023 16:15,General ,TWITTER,Community Engagement ,7220,2501,Video
1/26/2023 16:16,General ,TWITTER,Community Engagement ,2164,142,Text
1/26/2023 16:24,General ,INSTAGRAM,N/A ,5018,0,Photo
1/26/2023 16:27,General ,TWITTER,Community Engagement ,44737,409,Photo
1/26/2023 16:36,Content Creators,YOUTUBE,N/A ,0,0,Text
1/26/2023 16:42,General ,INSTAGRAM,Community Engagement ,4931,0,Video
1/26/2023 16:43,General ,INSTAGRAM,N/A ,0,0,Photo
1/26/2023 17:14,General ,INSTAGRAM,Community Engagement ,4876,0,Photo
1/26/2023 17:26,General ,INSTAGRAM,Community Engagement ,4666,0,Video
1/26/2023 17:27,General ,INSTAGRAM,N/A ,0,0,Photo
1/26/2023 17:41,General ,TWITTER,Community Engagement ,974,47,Photo
1/26/2023 18:03,DOTA2,TWITTER,Community Engagement ,2229,118,Text
1/26/2023 21:19,General ,TWITTER,Community Engagement ,97,21,Text
1/27/2023 5:00,CSGO,TWITTER,Community Engagement ,22372,2177,Video
1/27/2023 5:36,CSGO,TWITTER,Community Engagement ,4590,101,Photo
1/27/2023 5:49,DOTA2,TWITTER,Community Engagement ,364,13,Text
1/27/2023 6:02,CSGO,TWITTER,Community Engagement ,3126,61,Photo
1/27/2023 6:02,General ,INSTAGRAM,Community Engagement ,4780,0,Photo
1/27/2023 6:55,CSGO,TWITTER,Community Engagement ,847,16,Photo
1/27/2023 6:56,General ,INSTAGRAM,Community Engagement ,4341,0,Photo
1/27/2023 7:15,CSGO,TWITTER,Community Engagement ,0,0,Photo
1/27/2023 7:16,CSGO,TWITTER,Community Engagement ,500,20,Text
1/27/2023 7:17,CSGO,TWITTER,Community Engagement ,7122,88,Text
1/27/2023 7:41,CSGO,TWITTER,Community Engagement ,5421,560,Video
1/27/2023 7:54,CSGO,TWITTER,Community Engagement ,1058,17,Text
1/27/2023 7:54,CSGO,TWITTER,Community Engagement ,0,0,Video
1/27/2023 8:17,CSGO,TWITTER,Community Engagement ,1929,27,Photo
1/27/2023 8:19,General ,INSTAGRAM,Community Engagement ,4217,0,Photo
1/27/2023 8:37,DOTA2,TWITTER,Community Engagement ,776,43,Text
1/27/2023 8:38,DOTA2,TWITTER,Community Engagement ,2833,149,Text
1/27/2023 8:58,CSGO,TWITTER,Community Engagement ,2284,269,Video
1/27/2023 9:43,CSGO,TWITTER,Community Engagement ,1520,47,Photo
1/27/2023 9:44,General ,INSTAGRAM,Community Engagement ,4098,0,Photo
1/27/2023 10:00,General ,TWITTER,Community Engagement ,8205,329,Video
1/27/2023 10:16,General ,TWITTER,Community Engagement ,2204,66,Video
1/27/2023 11:23,General ,TWITTER,Community Engagement ,12446,207,Photo
1/27/2023 11:31,General ,TWITTER,Community Engagement ,72,10,Text
1/27/2023 11:51,General ,TWITTER,Community Engagement ,60,3,Text
1/27/2023 12:00,DOTA2,TWITTER,N/A ,1731,91,Photo
1/27/2023 12:00,General ,FBPAGE,Community Engagement ,9158,526,Photo
1/27/2023 12:01,DOTA2,TWITTER,N/A ,654,25,Photo
1/27/2023 12:01,General ,FBPAGE,N/A ,0,0,Photo
1/27/2023 12:01,General ,FBPAGE,N/A ,0,0,Photo
1/27/2023 12:05,General ,TWITTER,Community Engagement ,28493,629,Photo
1/27/2023 12:32,General ,TWITTER,N/A ,0,0,Photo
1/27/2023 12:33,General ,TWITTER,Community Engagement ,63,4,Text
1/27/2023 13:09,General ,TWITTER,N/A ,0,0,Photo
1/27/2023 13:13,Content Creators,YOUTUBE,N/A ,0,0,Text
1/27/2023 13:40,General ,TWITTER,Community Engagement ,745,19,Video
1/27/2023 13:40,General ,TWITTER,N/A ,0,0,Text
1/27/2023 13:51,General ,INSTAGRAM,Community Engagement ,4066,0,Video
1/27/2023 13:58,General ,TWITTER,Community Engagement ,13410,385,Video
1/27/2023 14:03,DOTA2,TWITTER,N/A ,910,26,Photo
1/27/2023 14:03,General ,TWITTER,Community Engagement ,25751,353,Photo
1/27/2023 14:03,General ,INSTAGRAM,Community Engagement ,3924,0,Photo
1/27/2023 14:03,General ,FBPAGE,N/A ,21249,898,Photo
1/27/2023 14:11,DOTA2,TWITTER,N/A ,1785,85,Text
1/27/2023 14:15,CSGO,TWITTER,Community Engagement ,971,70,Text
1/27/2023 14:19,General ,TWITTER,Community Engagement ,167,5,Text
1/27/2023 14:19,General ,TWITTER,N/A ,0,0,Photo
1/27/2023 14:23,DOTA2,TWITTER,N/A ,906,47,Video
1/27/2023 14:24,General ,FBPAGE,N/A ,17050,1639,Video
1/27/2023 14:40,General ,TWITTER,Community Engagement ,33040,335,Photo
1/27/2023 14:43,DOTA2,TWITTER,N/A ,1425,34,Video
1/27/2023 14:47,DOTA2,TWITTER,N/A ,1019,12,Text
1/27/2023 14:47,General ,TWITTER,Community Engagement ,15980,169,Text
1/27/2023 14:56,DOTA2,TWITTER,N/A ,1684,82,Photo
1/27/2023 14:56,General ,TWITTER,Community Engagement ,19281,576,Photo
1/27/2023 14:56,General ,INSTAGRAM,Community Engagement ,3971,0,Photo
1/27/2023 14:56,General ,FBPAGE,N/A ,34266,9458,Photo
1/27/2023 14:58,General ,TWITTER,N/A ,0,0,Photo
1/27/2023 15:18,General ,TWITTER,Community Engagement ,22198,1000,Photo
1/27/2023 15:41,General ,TWITTER,Community Engagement ,281,9,Video
1/28/2023 12:53,General ,TWITTER,Community Engagement ,2949,31,Text
1/28/2023 14:43,General ,INSTAGRAM,Community Engagement ,6547,0,Photo
1/28/2023 15:00,General ,TWITTER,Community Engagement ,9639,37,Photo
1/28/2023 15:00,General ,INSTAGRAM,Community Engagement ,5991,0,Photo
1/28/2023 15:58,General ,TWITTER,Community Engagement ,12469,236,Video
1/28/2023 16:04,General ,TWITTER,Community Engagement ,1384,87,Video
1/28/2023 16:21,General ,TWITTER,Community Engagement ,11278,65,Photo
1/28/2023 16:21,General ,INSTAGRAM,Community Engagement ,5736,0,Photo
1/28/2023 16:26,General ,TWITTER,Community Engagement ,11723,270,Video
1/28/2023 17:15,DOTA2,TWITTER,N/A ,1569,117,Text
1/29/2023 8:05,General ,FBPAGE,N/A ,0,0,Photo
1/29/2023 8:05,General ,FBPAGE,N/A ,5,0,Photo
1/29/2023 8:05,General ,FBPAGE,N/A ,67834,18699,Photo
1/29/2023 8:06,DOTA2,TWITTER,N/A ,2528,82,Photo
1/29/2023 8:06,DOTA2,TWITTER,N/A ,6189,465,Photo
1/29/2023 8:56,General ,FBPAGE,N/A ,0,0,Photo
1/29/2023 8:56,General ,FBPAGE,N/A ,0,0,Photo
1/29/2023 9:04,DOTA2,TWITTER,N/A ,251,4,Text
1/29/2023 12:23,General ,TWITTER,Community Engagement ,375,10,Video
1/29/2023 13:52,General ,TWITTER,Community Engagement ,116,6,Text
1/29/2023 14:33,General ,INSTAGRAM,Community Engagement ,7525,0,Photo
1/29/2023 14:55,General ,TWITTER,Community Engagement ,9414,54,Photo
1/29/2023 14:55,General ,INSTAGRAM,Community Engagement ,6868,0,Photo
1/29/2023 15:12,DOTA2,TWITTER,N/A ,1813,131,Video
1/29/2023 15:14,General ,TWITTER,Community Engagement ,11818,319,Video
1/29/2023 15:15,DOTA2,TWITTER,N/A ,1654,92,Photo
1/29/2023 15:15,General ,FBPAGE,N/A ,0,0,Link
1/29/2023 15:15,General ,FBPAGE,N/A ,41089,6779,Photo
1/29/2023 15:17,DOTA2,TWITTER,N/A ,566,16,Photo
1/29/2023 15:21,DOTA2,TWITTER,N/A ,1283,87,Video
1/29/2023 15:23,General ,FBPAGE,N/A ,17476,2103,Video
1/29/2023 15:25,General ,TWITTER,N/A ,0,0,Video
1/29/2023 15:36,DOTA2,TWITTER,N/A ,1324,46,Text
1/29/2023 15:37,General ,FBPAGE,N/A ,30994,4303,Text
1/29/2023 15:41,General ,TWITTER,Community Engagement ,11310,248,Video
1/29/2023 15:45,DOTA2,TWITTER,N/A ,1588,43,Text
1/29/2023 15:45,General ,FBPAGE,N/A ,34869,6689,Text
1/29/2023 15:50,DOTA2,TWITTER,N/A ,1156,139,Video
1/29/2023 15:50,General ,FBPAGE,N/A ,19306,3590,Video
1/29/2023 16:14,DOTA2,TWITTER,N/A ,5128,536,Photo
1/29/2023 16:14,General ,FBPAGE,N/A ,23227,5420,Photo
1/29/2023 16:27,General ,TWITTER,Community Engagement ,11465,124,Photo
1/29/2023 16:27,General ,INSTAGRAM,Community Engagement ,6662,0,Photo
1/29/2023 16:41,DOTA2,TWITTER,N/A ,4351,263,Text
1/29/2023 16:41,General ,FBPAGE,N/A ,40236,9218,Text
1/29/2023 16:44,DOTA2,TWITTER,N/A ,1559,42,Text
1/29/2023 16:44,General ,FBPAGE,N/A ,24227,3766,Text
1/29/2023 16:45,DOTA2,TWITTER,N/A ,1792,43,Text
1/29/2023 16:51,General ,TWITTER,N/A ,0,0,Video
1/29/2023 17:11,DOTA2,TWITTER,N/A ,1163,32,Photo
1/29/2023 17:11,General ,FBPAGE,N/A ,34208,5150,Photo
1/29/2023 17:14,DOTA2,TWITTER,N/A ,1527,95,Photo
1/29/2023 17:14,General ,FBPAGE,N/A ,27235,2923,Photo
1/29/2023 17:26,DOTA2,TWITTER,N/A ,2473,74,Text
1/29/2023 17:26,General ,FBPAGE,N/A ,26538,3075,Text
1/29/2023 17:33,DOTA2,TWITTER,N/A ,1660,72,Photo
1/29/2023 17:34,General ,FBPAGE,N/A ,34970,6331,Photo
1/29/2023 17:41,DOTA2,TWITTER,N/A ,2575,69,Text
1/29/2023 17:42,General ,FBPAGE,N/A ,31592,5805,Text
1/29/2023 17:48,DOTA2,TWITTER,N/A ,9213,885,Photo
1/29/2023 17:48,General ,FBPAGE,N/A ,57123,31855,Photo
1/29/2023 18:04,DOTA2,TWITTER,N/A ,711,9,Text
1/29/2023 18:23,DOTA2,TWITTER,N/A ,701,49,Text
1/30/2023 10:00,CSGO,TWITTER,Community Engagement ,1820,41,Photo
1/30/2023 10:01,General ,TWITTER,Community Engagement ,360,27,Video
1/30/2023 10:13,General ,TWITTER,Community Engagement ,202,13,Video
1/30/2023 11:52,General ,TWITTER,Community Engagement ,3348,72,Text
1/30/2023 12:05,General ,TWITTER,Community Engagement ,305,13,Text
1/30/2023 12:12,General ,TWITTER,Community Engagement ,4919,122,Video
1/30/2023 13:22,General ,TIKTOK_BUSINESS,N/A ,493,83,Video
1/30/2023 13:24,General ,INSTAGRAM,N/A ,0,0,Text
1/30/2023 13:24,General ,INSTAGRAM,N/A ,0,0,Text
1/30/2023 13:24,General ,INSTAGRAM,N/A ,0,0,Text
1/30/2023 13:24,General ,INSTAGRAM,N/A ,444,6,Video
1/30/2023 13:40,General ,TWITTER,Community Engagement ,520,26,Text
1/30/2023 14:24,General ,TIKTOK_BUSINESS,N/A ,495,20,Video
1/30/2023 15:02,General ,TWITTER,Community Engagement ,9563,50,Photo
1/30/2023 15:02,General ,INSTAGRAM,Community Engagement ,5753,0,Photo
1/30/2023 15:41,General ,TWITTER,Community Engagement ,10954,153,Video
1/30/2023 15:44,General ,TWITTER,Community Engagement ,9956,179,Video
1/30/2023 16:19,DOTA2,TWITTER,N/A ,1318,56,Photo
1/30/2023 16:19,General ,FBPAGE,N/A ,28301,3972,Photo
1/30/2023 16:36,General ,TWITTER,Community Engagement ,11999,100,Photo
1/30/2023 16:36,General ,INSTAGRAM,Community Engagement ,5034,0,Photo
1/31/2023 9:19,General ,TWITTER,Community Engagement ,3456,143,Text
1/31/2023 9:21,CSGO,TWITTER,N/A ,0,0,Photo
1/31/2023 9:39,General ,YOUTUBE,N/A ,2,0,Video
1/31/2023 9:45,CSGO,TWITTER,Community Engagement ,841,29,Photo
1/31/2023 12:53,DOTA2,TWITTER,N/A ,0,0,Text
1/31/2023 12:57,General ,TIKTOK_BUSINESS,N/A ,1423,187,Video
1/31/2023 13:00,General ,INSTAGRAM,N/A ,222,16,Video
1/31/2023 13:19,DOTA2,TWITTER,N/A ,0,0,Text
1/31/2023 13:19,DOTA2,TWITTER,N/A ,0,0,Text
1/31/2023 13:20,DOTA2,TWITTER,N/A ,0,0,Text
1/31/2023 13:21,DOTA2,TWITTER,N/A ,0,0,Text
1/31/2023 13:27,DOTA2,TWITTER,N/A ,0,0,Text
1/31/2023 13:27,DOTA2,TWITTER,N/A ,0,0,Text
1/31/2023 13:28,DOTA2,TWITTER,N/A ,0,0,Text
1/31/2023 13:28,DOTA2,TWITTER,N/A ,0,0,Text
1/31/2023 13:29,DOTA2,TWITTER,N/A ,0,0,Text
1/31/2023 13:29,DOTA2,TWITTER,N/A ,0,0,Text
1/31/2023 13:29,DOTA2,TWITTER,N/A ,0,0,Text
1/31/2023 13:30,DOTA2,TWITTER,N/A ,0,0,Text
1/31/2023 13:39,DOTA2,TWITTER,N/A ,0,0,Text
1/31/2023 15:10,General ,TWITTER,Community Engagement ,292,12,Text
1/31/2023 15:10,General ,TWITTER,N/A ,0,0,Photo
1/31/2023 17:43,General ,TIKTOK_BUSINESS,N/A ,1479,141,Video
1/31/2023 17:43,General ,INSTAGRAM,N/A ,6766,174,Video
1/31/2023 17:49,General ,YOUTUBE,Community Engagement ,2754,94,Video
1/31/2023 19:58,General ,TWITTER,Community Engagement ,177,25,Text
